selected clients id,sparse_categorical_accuracy,sparse_categorical_crossentropy,loss,num_examples,num_batches
"['0', '2']",0.461174875497818,8.68101978302002,8.68101978302002,58815,2942
"['2', '1']",0.46258920431137085,8.6620454788208,8.6620454788208,49050,2454
